month,male_median_rm,female_median_rm,gap_pct
2024-10,2800.0,2700.0,3.6
2024-11,2789.0,2700.0,3.2
2024-12,3045.0,3000.0,1.5
2025-01,3082.0,3045.0,1.2
2025-02,2900.0,2827.0,2.5
2025-03,3000.0,2982.0,0.6
2025-04,2900.0,2800.0,3.4
2025-05,2891.0,2800.0,3.1
2025-06,2900.0,2800.0,3.4
2025-07,2900.0,2800.0,3.4
2025-08,2900.0,2800.0,3.4
2025-09,2900.0,2800.0,3.4
2025-10,2900.0,2811.0,3.1
2025-11,2900.0,2827.0,2.5
2025-12,3167.0,3120.0,1.5
2026-01,3088.89,3054.55,1.1
2026-02,3055.56,3000.0,1.8
2026-03,3063.64,3000.0,2.1
